Time,V1,V2,V3,V4,V5,V6,V7,V8,V9,V10,V11,V12,V13,V14,V15,V16,V17,V18,V19,V20,V21,V22,V23,V24,V25,V26,V27,V28,Amount,Class
0,-1.3598071336738,-0.07278117330985,2.53634673796914,1.37815522427443,-0.338320769942518,0.462387777762292,0.239598554061257,0.098697901261051,0.363786969611213,0.090794171978932,-0.551599533260813,-0.617800855762348,-0.991389847235408,-0.311169353699879,1.46817697209427,-0.470400525259478,0.207971241929242,0.025790580198559,0.403992960255733,0.251412098239705,-0.018306777944153,0.277837575558899,-0.110473910188767,0.066928074914673,0.128539358273528,-0.189114843888824,0.133558376740387,-0.021053053453822,149.62,0
0,1.19185711131486,0.26615071205963,0.16648011335321,0.448154078460911,0.060017649282224,-0.082360808815569,-0.078802983332311,0.08510165491481,-0.255425128109186,-0.166974414004614,1.61272666105479,1.06523531137287,0.48909501589608,-0.143772296441519,0.635558093258208,0.463917041022171,-0.114804663102346,-0.183361270123994,-0.145783041325259,-0.06908313522302,-0.225775248033138,-0.638671952771851,0.101288021253234,-0.339846475529127,0.167170404418143,0.125894532368176,-0.008983099143228,0.014724169192493,2.69,0
1,-1.35835406159823,-1.34016307473609,1.77320934263119,0.379779593034328,-0.503198133318193,1.80049938079263,0.791460956450422,0.247675786588991,-1.51465432260583,0.207642865216696,0.624501459424895,0.066083685268831,0.717292731410831,-0.165945922763554,2.34586494901581,-2.89008319444231,1.10996937869599,-0.121359313195888,-2.26185709530414,0.524979725224404,0.247998153469754,0.771679401917229,0.909412262347719,-0.689280956490685,-0.327641833735251,-0.139096571514147,-0.055352794038426,-0.05975184059292,378.66,0
1,-0.966271711572087,-0.185226008082898,1.79299333957872,-0.863291275036453,-0.010308879603082,1.24720316752486,0.23760893977178,0.377435874652262,-1.38702406270197,-0.054951922471375,-0.226487263835401,0.178228225877303,0.507756869957169,-0.28792374549456,-0.631418117709045,-1.0596472454325,-0.684092786345479,1.96577500349538,-1.2326219700892,-0.208037781160366,-0.108300452035545,0.005273596782535,-0.190320518742841,-1.17557533186321,0.647376034602038,-0.221928844458407,0.062722848729303,0.061457628500635,123.5,0
2,-1.15823309349523,0.877736754848451,1.548717846511,0.403033933955121,-0.407193377311653,0.095921462468426,0.592940745385545,-0.270532677192282,0.817739308235294,0.753074431976354,-0.822842877946363,0.53819555014995,1.3458515932154,-1.11966983471731,0.175121130008994,-0.451449182813529,-0.237033239362776,-0.038194787035284,0.803486924960175,0.408542360392758,-0.009430697132329,0.79827849458971,-0.137458079619063,0.141266983824769,-0.206009587619756,0.502292224181569,0.219422229513348,0.215153147499206,69.99,0
2,-0.425965884412454,0.960523044882985,1.14110934232219,-0.168252079760302,0.42098688077219,-0.029727551663974,0.476200948720027,0.260314333074874,-0.56867137571251,-0.371407196834471,1.34126198001957,0.359893837038039,-0.358090652573631,-0.137133700217612,0.517616806555742,0.401725895589603,-0.058132823364013,0.068653149442543,-0.033193787787628,0.084967672068205,-0.208253514656728,-0.559824796253248,-0.026397667979537,-0.371426583174346,-0.232793816737034,0.105914779097957,0.253844224739337,0.081080256922944,3.67,0
4,1.22965763450793,0.141003507049326,0.045370773589945,1.20261273673594,0.191880988597645,0.272708122899098,-0.00515900288251,0.081212939883089,0.464959994783886,-0.099254321128924,-1.41690724314928,-0.153825826253651,-0.75106271556262,0.16737196252175,0.050143594225419,-0.443586797916727,0.002820512472347,-0.61198733994012,-0.045575044663798,-0.21963255278686,-0.167716265815783,-0.270709726172363,-0.154103786809305,-0.780055415004671,0.75013693580659,-0.257236845917139,0.034507429743841,0.005167768906249,4.99,0
7,-0.644269442348146,1.41796354547385,1.0743803763556,-0.492199018495015,0.948934094764157,0.428118462833089,1.12063135838353,-3.80786423873589,0.615374730667027,1.24937617815176,-0.619467796121913,0.291474353088705,1.75796421396042,-1.32386521970526,0.686132504394383,-0.076126999438201,-1.2221273453247,-0.358221569869078,0.324504731321494,-0.156741852488285,1.94346533978412,-1.01545470979971,0.057503529867291,-0.649709005559993,-0.415266566234811,-0.051634296926249,-1.20692108094258,-1.08533918832377,40.8,0
7,-0.89428608220282,0.286157196276544,-0.113192212729871,-0.271526130088604,2.6695986595986,3.72181806112751,0.370145127676916,0.851084443200905,-0.392047586798604,-0.410430432848439,-0.705116586646536,-0.110452261733098,-0.286253632470583,0.074355360301673,-0.328783050303565,-0.210077268148783,-0.499767968800267,0.118764861004217,0.57032816746536,0.05273566911497,-0.073425100105923,-0.268091632235551,-0.204232669947878,1.0115918018785,0.373204680146282,-0.384157307702294,0.0117473564582,0.14240432992147,93.2,0
9,-0.33826175242575,1.11959337641566,1.04436655157316,-0.222187276738296,0.49936080649727,-0.24676110061991,0.651583206489972,0.069538586518639,-0.736727316364109,-0.366845639206541,1.01761446783262,0.836389570307029,1.00684351373408,-0.443522816876142,0.150219101422635,0.739452777052119,-0.540979921943059,0.47667726004282,0.451772964394125,0.203711454727929,-0.246913936910008,-0.633752642406113,-0.12079408408185,-0.385049925313426,-0.069733046041692,0.094198833951496,0.246219304619926,0.083075649347333,3.68,0
10,1.44904378114715,-1.17633882535966,0.913859832832795,-1.37566665499943,-1.97138316545323,-0.62915213889734,-1.4232356010359,0.048455887908856,-1.72040839292037,1.62665905834133,1.1996439495421,-0.671439778462005,-0.513947152539479,-0.095045045399955,0.230930409124119,0.031967466786208,0.253414715863197,0.854343814324194,-0.221365413645481,-0.387226474431156,-0.009301896524901,0.313894410791098,0.027740158017025,0.500512287104917,0.25136735874921,-0.129477953726618,0.042849870938146,0.016253261937552,7.8,0
10,0.38497821518095,0.616109459176472,-0.874299702595052,-0.094018625967912,2.92458437838817,3.31702716826156,0.470454671805879,0.53824722837695,-0.558894612428441,0.30975539423728,-0.259115563735702,-0.326143233995877,-0.090046722702065,0.362832368569793,0.928903660629178,-0.129486811402759,-0.809978925963589,0.359985390219981,0.70766382644648,0.12599157561542,0.049923685888971,0.238421512225103,0.009129868612629,0.996710209581086,-0.767314827174801,-0.492208295340017,0.042472441919027,-0.054337388373212,9.99,0
10,1.249998742053,-1.22163680921816,0.383930151282291,-1.23489868766892,-1.48541947377961,-0.753230164566149,-0.689404975426345,-0.227487227519552,-2.09401057344842,1.32372927445937,0.227666231237246,-0.242681998944186,1.20541680770748,-0.317630527025074,0.725674990179153,-0.815612186027305,0.873936447614439,-0.847788598847099,-0.683192626267037,-0.102755941505071,-0.231809239223849,-0.483285330117712,0.084667690859658,0.392830885335013,0.161134553588505,-0.354990039673962,0.026415549077611,0.04242208872823,121.5,0
11,1.0693735878819,0.287722129331455,0.828612726634281,2.71252042961718,-0.178398016248009,0.337543730282968,-0.096716861739596,0.115981735546597,-0.221082566236194,0.460230444301678,-0.773656930526689,0.32338724546722,-0.011075887088378,-0.178485175177916,-0.65556427824926,-0.19992517131173,0.1240054151819,-0.980496201537345,-0.982916082135047,-0.153197231044512,-0.036875531733527,0.07441240281622,-0.071407433299859,0.104743752596029,0.548264725394119,0.104094153162781,0.021491058364319,0.021293311477486,27.5,0
12,-2.7918547659339,-0.327770756658658,1.64175016056605,1.76747274389883,-0.136588446465306,0.80759646826532,-0.422911389711497,-1.90710747624096,0.755712908314791,1.1510869876677,0.844555470974377,0.7929439518176,0.370448092803246,-0.734975105820311,0.406795710431001,-0.303057623825763,-0.155868714793874,0.778265457041536,2.22186801373788,-1.58212204356551,1.15166304848789,0.222181966098225,1.02058620426601,0.028316651323887,-0.232746324289105,-0.23555721754117,-0.16477751177654,-0.030153636559225,58.8,0
12,-0.752417042956605,0.345485415344747,2.05732291276727,-1.46864329840046,-1.1583936804082,-0.077849829116673,-0.608581418236123,0.003603484362018,-0.436166983515744,0.747730827192802,-0.793980602837221,-0.770406728847129,1.04762699748088,-1.06660368148653,1.10695345662141,1.66011355713381,-0.279265373246772,-0.419994141181313,0.432535348618175,0.263450864446125,0.499624954671111,1.35365048557231,-0.256573280448308,-0.065083707881652,-0.039124353542649,-0.087086473214696,-0.180997500092721,0.129394059390202,15.99,0
12,1.10321543528383,-0.040296214597345,1.2673320885949,1.28909146962552,-0.735997163604068,0.288069162976262,-0.586056786337461,0.189379713679593,0.782332891785191,-0.267975066537173,-0.450311279515466,0.936707714991982,0.708380406186981,-0.468647287707221,0.354574063407955,-0.246634655717582,-0.009212377727074,-0.595912405700819,-0.57568162226261,-0.113910176982092,-0.024612006337468,0.196001952806192,0.013801654140942,0.103758331023198,0.364297540595235,-0.382260574113217,0.092809187460487,0.037050516981001,12.99,0
13,-0.436905071360625,0.918966212909322,0.92459077438817,-0.727219053596792,0.915678718106307,-0.127867352079254,0.707641607333935,0.08796235546725,-0.66527135413364,-0.737979823596458,0.32409781346169,0.277192107214981,0.252624256310781,-0.291896460370468,-0.184520169327133,1.14317370716197,-0.92870926272403,0.680469592634687,0.025436461688079,-0.047021282316504,-0.194795823794671,-0.672637997017793,-0.156857514491897,-0.888386320943716,-0.342413218776576,-0.049026728633951,0.079692399155151,0.131023789452311,0.89,0
14,-5.40125766315825,-5.45014783420644,1.18630463143652,1.73623880012095,3.04910587764025,-1.76340557365201,-1.55973769907953,0.160841747266769,1.23308974041888,0.345172827050629,0.917229867699146,0.970116716069048,-0.266567764915222,-0.479129929276704,-0.526608502569153,0.47200411177674,-0.725480944982201,0.075081351540202,-0.406866573198217,-2.19684802485647,-0.503600328973703,0.984459785590244,2.45858857639219,0.042118896989157,-0.481630823956716,-0.621272013713977,0.392053289557744,0.949594245504846,46.8,0
15,1.4929359769862,-1.02934573189487,0.45479473374366,-1.43802587991702,-1.55543410136344,-0.720961147043557,-1.08066413038614,-0.053127117948322,-1.9786815953872,1.63807603690446,1.07754241162743,-0.63204651464934,-0.41695716661602,0.05201051537244,-0.042978922823202,-0.166432496451972,0.304241418614353,0.554432499062278,0.054229515218472,-0.387910172646258,-0.177649846438814,-0.175073809074822,0.040002219062133,0.295813862676508,0.33293059939425,-0.220384850672322,0.022298435913585,0.007602255599979,5,0
16,0.694884775607337,-1.36181910308009,1.02922103956032,0.834159299216716,-1.19120879445965,1.30910881872952,-0.878585911450457,0.4452901278385,-0.446195831557423,0.568520735086962,1.01915061274695,1.29832870056251,0.420480265280796,-0.372650997239682,-0.807979512809369,-2.04455748288968,0.515663469043577,0.625847298442513,-1.30040816880609,-0.138333940419021,-0.295582931552029,-0.571955006812512,-0.05088070050368,-0.304214501020644,0.072001006138536,-0.422234430367677,0.086553398090998,0.063498649343931,231.71,0
17,0.962496069914852,0.32846102605212,-0.17147905415064,2.10920406774016,1.12956557126894,1.6960376856836,0.107711607311367,0.521502163844302,-1.19131110205143,0.724396314588903,1.6903299205808,0.406773575635315,-0.936421295934551,0.98373941913199,0.710910766068067,-0.602231772166344,0.402484375627273,-1.73716203452457,-2.02761232183279,-0.269320966548419,0.14399742335114,0.402491661406291,-0.048508221174529,-1.37186629453889,0.390813885438659,0.199963657504328,0.016370643284299,-0.01460532767228,34.09,0
18,1.16661638244228,0.502120087854101,-0.067300314366353,2.26156923949128,0.428804194630708,0.08947351672746,0.241146579907281,0.138081705243702,-0.989162395259052,0.922174967079328,0.744785789437272,-0.531377250104474,-2.1053464503177,1.12687010488156,0.0030753225149,0.424424506356606,-0.454475291663708,-0.098870627210806,-0.816597306905994,-0.307168508741084,0.018701871991866,-0.061972267227942,-0.103854921794533,-0.370415176650599,0.603200338674873,0.108555872801682,-0.04052070555603,-0.011417815299116,2.28,0
18,0.247491127783665,0.277665627353681,1.18547084217971,-0.092602549857604,-1.31439397897076,-0.150115997622665,-0.946364950111676,-1.61793505064675,1.54407140197844,-0.82988060074647,-0.583199526903095,0.524933232159904,-0.45337529664688,0.081393087564622,1.55520419597553,-1.39689489286937,0.783130838324676,0.436621213910235,2.17780716839543,-0.230983142903519,1.65018036054154,0.200454090999037,-0.185352508080436,0.42307314795406,0.820591261750983,-0.227631863934761,0.336634446911129,0.250475352427605,22.75,0
22,-1.94652513121534,-0.044900505441819,-0.405570068378956,-1.01305733702394,2.94196769950545,2.95505339674562,-0.063063147363564,0.855546309018146,0.049966900227084,0.573742508037695,-0.081256514738182,-0.215745003282808,0.044160627776536,0.033897756683746,1.19071767502074,0.578843475256385,-0.975667025451307,0.044062817775704,0.488602868957758,-0.216715254448926,-0.579525934402369,-0.799228952914653,0.870300215304704,0.983421492506598,0.321201132609584,0.149649876930755,0.707518836410842,0.014599751533029,0.89,0
22,-2.0742946722629,-0.121481799450951,1.32202063048967,0.410007514171835,0.295197545759436,-0.95953722984438,0.543985491287656,-0.104626728092018,0.475664017945495,0.149450615348245,-0.856566363963256,-0.180523156037298,-0.655232930357476,-0.27979685563853,-0.21166795514315,-0.333320609694671,0.010751094250554,-0.488472666295676,0.505751034478604,-0.386693573241769,-0.403639498840125,-0.227404004096502,0.742434864076795,0.398534855447456,0.249212161486784,0.274404273874965,0.359969356358436,0.243231671798911,26.43,0
23,1.17328461017079,0.353497876646456,0.28390506526532,1.1335633178795,-0.172577181842493,-0.916053706932115,0.36902484539083,-0.327260242196767,-0.24665102789456,-0.046139302268954,-0.143418527309124,0.979350375717585,1.49228543545219,0.101417525935881,0.76147754528118,-0.014584082470356,-0.511640116553888,-0.32505635460906,-0.390933797720026,0.027877908732867,0.067003304487404,0.227811927638182,-0.150487224821759,0.43504510338369,0.724824579577241,-0.337082059875827,0.016368379266905,0.030041190836639,41.88,0
23,1.32270726911234,-0.17404083293642,0.434555031250987,0.576037652384661,-0.836758045983797,-0.831083411483829,-0.264904960791055,-0.220981942667704,-1.07142461772052,0.868558547570527,-0.641506289794406,-0.111315775017413,0.361485409760927,0.171945121866125,0.782166531823632,-1.35587072953395,-0.216935152965165,1.27176538520308,-1.24062193508556,-0.522950940722936,-0.284375572220815,-0.323357410638449,-0.037709905059679,0.347150938808497,0.559639136527168,-0.280158165778367,0.042335257639718,0.028822300230774,16,0
23,-0.414288810090829,0.905437322625407,1.72745294417921,1.47347126657189,0.00744274117323,-0.200330677416199,0.740228319420026,-0.029247400012072,-0.593392019124765,-0.346188231273199,-0.012142188496102,0.786796316060126,0.635953883297271,-0.086324471950098,0.076803687198422,-1.4059193336148,0.775591738395162,-0.94288892749919,0.543969461627011,0.097307591092885,0.077237433998839,0.457330598656119,-0.038499724582026,0.642521902774992,-0.183891335259639,-0.277464019495649,0.182687486490454,0.152664644968975,33,0
23,1.05938711501788,-0.175319186719244,1.26612964251002,1.18610995469348,-0.786001752758539,0.578435276462307,-0.767084276374229,0.401046149117525,0.699499675903727,-0.064737555677349,1.04829248789913,1.00561836488785,-0.542001579163132,-0.039914502467258,-0.218683247678604,0.004475682199039,-0.193554038650394,0.042387961954807,-0.277833720535009,-0.178023367448801,0.01367629392084,0.213733610123234,0.014461849466588,0.002950859915422,0.294638014829328,-0.395069505138473,0.081461117248889,0.024220348562096,12.99,0
24,1.23742903021294,0.061042584186896,0.380525879794222,0.761564111432371,-0.359770710369787,-0.494084149915291,0.006494218107793,-0.133862379689891,0.438809736716666,-0.207358045517011,-0.92918211475144,0.5271060605933,0.348675901114132,-0.152535138608542,-0.218385629647018,-0.191551818259596,-0.116580602716053,-0.633790816521738,0.348415801097774,-0.06635133454336,-0.245682498259096,-0.530900256150069,-0.044265396823767,0.079168028858692,0.50913568954621,0.288857833917937,-0.022704981656278,0.011836231430416,17.28,0
25,1.11400859541157,0.085546089687032,0.493702487395368,1.33575998514475,-0.300188550950467,-0.010753783426363,-0.11876001509605,0.188616695943139,0.20568684906514,0.082262258755672,1.13355567149479,0.626699002489221,-1.49278039238295,0.520787893899183,-0.674592596871812,-0.529108241855907,0.158256197923207,-0.398751479349713,-0.1457089090445,-0.273832367278761,-0.053233660392112,-0.004760151211915,-0.031470170393645,0.198053718143193,0.565007312878958,-0.337718126200803,0.029057402122294,0.00445263143188,4.45,0
26,-0.529912284186556,0.873891581460326,1.34724732930113,0.145456676582257,0.414208858362661,0.10022309405219,0.711206082959649,0.1760659570625,-0.286716934699997,-0.484687683196852,0.872489590125871,0.851635859904339,-0.571745302934562,0.100974273045751,-1.51977183258512,-0.284375978261788,-0.310523584869201,-0.404247868800905,-0.823373523914155,-0.290347610865436,0.046949067114063,0.208104855076299,-0.185548346773547,0.001030659832933,0.098815701102562,-0.552903603040518,-0.073288083568174,0.023307045107721,6.14,0
26,-0.529912284186556,0.873891581460326,1.34724732930113,0.145456676582257,0.414208858362661,0.10022309405219,0.711206082959649,0.1760659570625,-0.286716934699997,-0.484687683196852,0.872489590125871,0.851635859904339,-0.571745302934562,0.100974273045751,-1.51977183258512,-0.284375978261788,-0.310523584869201,-0.404247868800905,-0.823373523914155,-0.290347610865436,0.046949067114063,0.208104855076299,-0.185548346773547,0.001030659832933,0.098815701102562,-0.552903603040518,-0.073288083568174,0.023307045107721,6.14,0
26,-0.53538776309446,0.865267807575272,1.35107628772237,0.14757547449791,0.433680212077009,0.086982938116182,0.693039311115721,0.179742260742556,-0.285641861230583,-0.482474471178567,0.871799580440785,0.853447434991487,-0.571821891415037,0.102252103048142,-1.51999120265821,-0.285912497081499,-0.309633386824141,-0.403901992939884,-0.823742994489464,-0.283263782156003,0.049525686687599,0.206536543024476,-0.18710806982075,0.000753014257498,0.098116605954627,-0.553470968822753,-0.078305502172696,0.02542737752112,1.77,0
26,-0.53538776309446,0.865267807575272,1.35107628772237,0.14757547449791,0.433680212077009,0.086982938116182,0.693039311115721,0.179742260742556,-0.285641861230583,-0.482474471178567,0.871799580440785,0.853447434991487,-0.571821891415037,0.102252103048142,-1.51999120265821,-0.285912497081499,-0.309633386824141,-0.403901992939884,-0.823742994489464,-0.283263782156003,0.049525686687599,0.206536543024476,-0.18710806982075,0.000753014257498,0.098116605954627,-0.553470968822753,-0.078305502172696,0.02542737752112,1.77,0
27,-0.246045948703835,0.47326690335701,1.69573755374059,0.262411487973117,-0.010866413652975,-0.610835935296661,0.793936545512066,-0.247252830908628,0.138879113774066,-0.401007068346067,-0.812050381942678,-0.183524462361787,-0.630112887102238,-0.286217451066222,-0.337046323577501,-0.42810547355755,-0.030602108332343,-0.504568166264421,0.355180278263647,0.045721127261191,-0.194599935207223,-0.335132725895693,-0.078179606347099,0.392783891527158,-0.031157146773664,0.198036799472821,-0.175347300741823,-0.203616155701414,30.49,0
27,-1.45218727859439,1.76512373913739,0.611668540757038,1.17682498424561,-0.445979892057813,0.246826451919258,-0.257566155685306,1.0924724973132,-0.607524461211062,0.047155553003812,0.783726853195604,1.0963856736135,-0.26809420573452,0.768648040128495,-0.524367354238622,-0.808816147106875,0.710386067439587,-0.11836878699997,0.979287835535805,0.008713333797475,0.082279817220659,0.325782190832103,-0.069107391080501,0.020961996615979,-0.044668487503212,-0.243441391677247,0.149180325186687,0.120556907850199,1.8,0
29,0.996369531566045,-0.12258878723806,0.546819472613086,0.706579541087689,0.134559557409452,1.15699511200606,-0.294561331432968,0.407429099419853,0.337862663634561,-0.408150492552647,0.682646123949549,1.25371968484033,0.391917044082342,-0.037510858359555,0.795301519477008,-1.6682105913656,1.32299488209244,-2.83003522867318,-1.46343168833485,-0.203461209817417,-0.076301836548056,0.108866913420892,0.162230940339532,-0.575624047818567,0.109794914589208,0.373813367278979,0.050552197276061,0.005105559200114,20.53,0
29,1.11088034163339,0.168716770722767,0.517143960377807,1.32540691997371,-0.191573353787583,0.019503722648842,-0.031849108400313,0.117619919555324,0.017664720727696,0.044864791447906,1.3450747987323,1.28633962057665,-0.252267065685462,0.274457682308765,-0.810394372378945,-0.587005063447401,0.087451073848909,-0.550473628153257,-0.1547493550961,-0.19011971084361,-0.037708654498923,0.095701462043225,-0.048197646863458,0.232114939125133,0.606200748965636,-0.342096828961882,0.036769605315044,0.007479960731072,6.54,0
32,1.24905471963177,-0.624727077037783,-0.710588903536079,-0.991600360912692,1.42997319213398,3.69297701929891,-1.09020864122523,0.967290815452715,0.850148519454057,-0.307081111779614,-0.456245308321934,0.229981349844581,-0.016913099586878,-0.220846086114885,0.362417698896289,0.315222304210749,-0.512265445432752,0.11899461869584,0.574720159539024,0.097852692149164,-0.00629271415564,0.00920022451061,-0.129463200605864,1.11297017048455,0.500382108623099,1.19654919930281,-0.04822043543573,0.005093621983768,29.89,0
32,-2.00887179458613,2.19852650316899,0.144241739942708,1.15943226211997,-0.815174287845416,0.182288271256805,-0.617108301549016,1.53081672758398,-0.586832286254875,0.129875750830725,0.658479448325034,1.26504921848771,-0.2065181664078,1.01360321158387,-0.549413509634851,-0.708034201312287,0.869643169489364,-0.095659559502816,0.944395409086946,0.028740124911512,0.094917306680999,0.294982704383812,0.01108138386305,0.015249372098606,0.034210636342067,-0.236141101571547,0.128290672598229,0.117985989919298,2.35,0
33,-0.607877142993026,1.03134507783793,1.74044973731533,1.23210555042311,0.418592260222944,0.119168118951909,0.850892666335631,-0.176267418873834,-0.243501347955064,0.148455489833925,-0.387003094237291,0.398299276642617,0.48191674848907,-0.3654390925945,0.235544572141109,-1.34781146032981,0.504648259572464,-0.798404510811433,0.759710307289684,0.254324777846538,-0.087329190945049,0.258315279877507,-0.26477502289338,0.118282367139248,0.173508081148748,-0.217041286803197,0.094311912601065,-0.033041296034247,14.8,0
33,-0.935731508971261,0.170415774156885,2.74626126916024,-1.07796491232198,-0.305594036012037,0.011577039242069,-0.296178450741079,0.402775569749032,-0.040471746309041,-0.852045975590358,1.55210930576859,0.953561030493519,0.415429902142844,-0.233899924821916,0.452335831951489,0.844368276957724,-0.822739085535726,0.338821621743895,-1.21423442764473,-0.005419450290112,0.401212016276093,1.06486425408903,-0.15832543563046,0.295505486260758,-0.259369647631841,0.754194722556598,0.046663769822512,0.093947918225147,9.1,0
34,-0.762255665726893,0.127767751953647,2.65005638571315,-1.87566277123804,-0.893356398126455,-0.268714889488759,-0.419863596621261,0.146233406715251,-0.869635290154597,-0.038651669401689,-0.686124387103008,-0.502910878643487,1.38082632218495,-1.03912460633328,0.652842089032808,1.89874756257003,-0.458413549068005,-0.559803242547051,-0.295102639926884,0.359392905714987,0.433349641511561,1.26040266443393,-0.404700036155232,0.09494552328074,0.480975976870017,-0.09068467972231,0.319222972697776,0.135599924615913,15.99,0
34,1.13831556625444,0.056955969997386,0.649418964599217,0.873062040924213,-0.468466330715866,-0.410194552246249,-0.013897554302773,-0.072439609315712,0.306787909036459,-0.269952637390657,-0.002601847823034,1.12430421589913,0.744206684168937,-0.188353421358499,-0.07566196255573,-0.70919227171914,0.381219102546287,-1.37208017404084,-0.273701149259017,-0.078354632808708,-0.16422241479465,-0.247400539229342,0.059405064504974,0.456286465174056,0.361004003525112,0.274414145848337,-0.002498362446655,0.017108846940255,21.34,0
34,-0.291540244596543,0.445575313725742,1.2497521162384,-1.73573588991416,0.085755558718068,-0.121924299130972,0.40771585706035,0.095309377625631,0.815902286836031,-1.49118801152726,-0.846191380399744,0.056532550089756,-0.058953530005169,0.151922601756511,1.9825948818916,-0.443295054363626,-0.318251412005902,0.064787166505069,0.613505272287834,-0.033522344553919,-0.064906146972126,-0.120448981687137,-0.156525633679736,-0.800212850852097,-0.000620391689964,-0.835203307198696,0.131001420802654,0.062896269946628,18.95,0
34,0.201685891430752,0.497483215432781,1.3739125741005,0.571405317647578,-0.630657750142243,-0.539659123772599,-0.076270290811987,-0.917105750019037,0.270008406215231,-0.480280682110825,-0.512532739970476,0.680906258686799,0.089923036521968,-0.157405056857078,-0.588819331688659,-0.477908445696603,0.22538879557879,-0.668680159238467,-0.023599421311206,-0.222302592236684,0.718961069869173,-0.17187687023179,-0.16620525458887,0.776471323845633,0.818460355548391,0.442547455443563,0.142757246943121,0.219237609708497,9.99,0
35,1.38639697419213,-0.794209465382612,0.778224190591254,-0.864708433897642,-1.06413227965342,0.351296173582744,-1.19145458338703,0.052685634312249,-0.304404039275229,0.576516808924066,-1.63111176189277,0.042559512122289,2.04789831589105,-0.739338428608896,1.45622204419365,-0.272049582980028,-0.932007398445801,1.92653220035244,-0.659939172907678,-0.273032886609131,-0.228726645592863,-0.123522420123964,-0.131025121563502,-0.929668178912028,0.181379006488932,1.19492806430879,0.000531331886203,0.019910622939793,30.9,0
35,-1.06323567874519,1.41819062554828,1.08667286312649,1.24143960031209,0.002306126110711,0.04590158121904,0.514120896637259,0.241252403456357,-0.154499951014978,0.280672622055497,-0.531948028103641,0.589857529006045,0.555086956115103,-0.116357328890885,0.165886171204421,-1.23721002679517,0.638414233299701,-0.776070594624742,0.692805890042676,0.235008925706976,-0.057228470222696,0.314152998030344,-0.129862928270599,0.11428370785009,-0.027812476951477,-0.259937015630799,0.118753639651127,-0.008956297798375,20.22,0
35,1.19935593362078,0.129953154513887,0.863584970776281,1.00263476869323,-0.783761014593659,-0.884679005672016,-0.040743275758957,-0.208068511671504,0.392477871628745,-0.248177899888804,-0.095362752472786,1.31413104809224,1.0916814094227,-0.409346352255035,-0.577994104632916,-0.581283742420706,0.212342679791527,-0.893181252962422,-0.020652885352285,-0.072620125926769,-0.042468085727256,0.198474051899343,-0.033009975117092,1.01329013084481,0.559097511348329,0.401817534390101,-0.00586465649,0.017936031917119,0.99,0
36,-1.00492933857661,-0.985977681437715,-0.038038828959772,3.71006135915003,-6.63195083213121,5.12210258142297,4.37169125592055,-2.00686750606648,-0.278736460739287,-0.230872923441907,0.145155263239837,-0.06315605045963,-0.79958507056403,-0.341956368039262,-0.930529781903999,0.510510185482595,0.092428106055706,0.823984132238812,1.19039780013038,-0.001979977691858,1.39340600409007,-0.381671395166542,0.969719175646086,0.019444795838935,0.57092281345927,0.333277781691674,0.857373192365587,-0.075538246161796,1402.95,0
36,-1.16942245796433,1.15831387032695,1.40679953629777,0.860188897348956,-0.103809888790759,0.122034779552914,0.264451377145263,-0.108766588645948,-0.181976611127934,0.659592648943552,0.45631688991831,-0.097762710197907,-0.346158686301307,0.210182391368661,2.34522933348286,-1.1726476833364,0.860018873573656,-1.15422426573603,0.858768026366302,-0.120560177945327,0.024497903881077,-0.120153158421006,0.212986045163239,0.08753576336537,-0.946529684037448,0.226700388710984,-0.810100768391406,0.234956581343876,7.99,0
36,1.09552460629831,-0.116085345733392,1.39791191546724,1.49754690019101,-1.0491239994212,0.072838534803649,-0.723802080255301,0.287532472980736,0.996326812363796,-0.149144652839117,-0.508291668719983,-0.027840902980361,-1.32155975244457,-0.062404466663976,0.505750535601976,-0.209298470605219,0.207536533977023,-0.471334706912941,-0.736297582236995,-0.275034578640693,-0.03323417230972,0.093261884550294,0.089498395301939,0.361261297686165,0.250962947610691,-0.378279979683085,0.081023899689618,0.034226938156029,2.09,0
37,1.29566762073068,0.341483451353791,0.08150519874848,0.566746069705835,-0.110458773277264,-0.766324792720234,0.073154903398819,-0.168304137620736,0.07183711002366,-0.28104399420091,-0.549533938889144,0.04909316249591,0.303950022826475,-0.316750192452704,1.13489720516941,0.635909577425588,-0.199763166132168,-0.122051064207473,0.004516181578689,-0.06598338327801,-0.323607229319987,-0.929781372142459,0.063808805668539,-0.193565114648984,0.287574217952475,0.127880985217088,-0.023731193087527,0.025199672683757,0.99,0
38,0.158331782301759,0.872687435246972,0.965524582020175,1.80212716128867,0.139021981009842,0.110863099962207,0.559079185876476,-0.029070932432765,-0.394912253717594,0.032674480246768,-0.500918900235755,0.631916037705799,0.754693616555678,-0.047655468693984,0.348217616820134,-1.49352680501418,0.757230631601602,-0.68436921621072,1.30335875909536,0.089837782828709,0.116269965704937,0.691685038730085,0.121112830020818,0.116142167643855,-1.1127250116355,-0.303369145265663,0.32753280391296,0.255621383050512,21.76,0
39,-0.554064564931988,0.215728297966379,0.84426462904462,-0.753067316254495,0.034848469585848,-0.558597247605412,1.09040095790026,-0.203873231509391,0.262393622286028,-1.35471021992455,-0.094879879563149,0.953745991690559,0.836964039089714,0.14475220028962,1.15660953164838,-1.933020942756,0.741348957532257,-0.513609928080678,1.5673453867025,0.383282932954218,0.212133973378933,0.702337604074802,-0.005700602096572,0.147346442427205,0.245651952176691,-0.440456209881165,0.147130419245981,0.13946773165502,120.96,0
39,-1.33088157532471,0.26754022707339,-0.168469573562158,-0.701232147988771,3.28197152637576,3.21638961502674,-0.05939435230715,0.895430427879541,-0.017778823818796,-0.165753217895266,-0.765047305633999,-0.015636282729616,-0.356625989563243,-0.04120000059821,-0.735103099898972,0.030533314448077,-0.778067287751348,-0.015159683171399,-0.152824068495873,-0.113875191254896,-0.151042302183246,-0.311726353053032,-0.374792812734778,1.01488604023913,0.353991877144656,-0.51032707197523,0.159032671096812,0.228707927508465,13.84,0
40,1.11069200372208,0.08194190138297,0.406063037313593,1.29074038305994,-0.169813148258441,0.120955382832246,-0.080845204793183,0.17437308481531,0.152070726014375,0.065266723193125,1.02454976986831,0.793137179599713,-1.01503970254654,0.422995451627276,-0.706629551160314,-0.488455357544419,0.058531447712009,-0.383627225929433,-0.074067698078536,-0.2198461004264,-0.056023984624787,-0.011603086428273,-0.070482892402791,0.00434519145726,0.60392864054067,-0.327424451316207,0.029889688549163,0.004944296175851,13.84,0
41,1.15431211678574,0.265462317325236,0.384870524075104,0.575007040189308,-0.217475464731052,-0.391519648227507,-0.081488956561272,0.062789489939691,-0.26058332390039,-0.161677216936728,2.05292777700016,1.13082593391895,0.189484506115511,-0.070792611695376,0.619345198096689,0.318582896539062,0.090232112025443,-0.331450411508532,-0.344721213431806,-0.099579745624343,-0.193213341350887,-0.557685063301591,0.16949206868172,0.186862704114817,0.089251982982287,0.093626229880912,-0.00963264036329,0.019667692736254,2.67,0
41,0.986063325558912,-0.202964586766765,-0.492768147356141,0.407691274714408,0.305660256237429,-0.230529178948424,0.585028086151903,-0.208224591017666,-0.247503447978774,-0.192253127963734,-0.628317496088626,0.430307932699876,0.811248019884464,0.371566359048745,1.02607884858679,-0.028501345269009,-0.3075461030699,-1.09965491470003,0.01073850637978,0.263505047503593,-0.305873932586351,-1.21655526869515,-0.077601525634522,-0.741340787959936,0.286881124869204,0.200346695511119,-0.07520335139916,0.027271218594834,169.05,0
41,1.1387593359078,-1.19295282747355,1.40713083554771,-0.330070103385594,-2.06950346000893,-0.242175406330976,-1.30663511427275,0.104510402617049,0.1346282320753,0.493931277386145,-0.8951875984556,-0.182695452453829,0.146080827117795,-0.586610838748991,0.797189022079305,-0.891720829484445,-0.079207821172698,1.54158849386504,-0.983586179206678,-0.299307434385076,-0.156198371672557,-0.030568776882527,-0.01972338425267,0.433752601084651,-0.029521459558598,1.14124130155645,-0.008612060317296,0.041563896154647,96.94,0
41,1.14552438734553,0.575067968122658,0.194008459987088,2.59819174498796,-0.09221002266298,-1.0444295836732,0.531587592965216,-0.241888126572805,-0.896287173943134,0.757952330755115,-0.448937077852659,-0.660863324849119,-1.30852217275468,0.788863794122663,0.320294451189993,0.295403810318671,-0.28787845487047,-0.451452922896375,-1.01144616734405,-0.191049987046098,0.011106333815291,-0.119703100297783,-0.07650952758246,0.691320431435738,0.633983977143587,0.048741274452897,-0.053191941637036,0.016251498765475,34.13,0
42,-0.249361327961551,0.399227372862504,0.068009333708328,-1.06061882632292,2.41039917069756,3.73657391553938,0.316446080126551,0.672296305826337,0.015140168440884,-0.269501562245437,-0.495120449984549,-0.161505830003069,-0.274214413311662,-0.27619076761852,-0.172408739733759,-0.118962106359993,-0.550002391086682,-0.148051640353341,0.771761782834217,0.107676349446719,-0.257662841099466,-0.616762290166941,-0.156668822049934,1.03113494324514,0.120617108005851,0.310494066716854,-0.288298624314493,-0.223964274021454,32.51,0
42,-0.522666281326226,1.00992300182961,0.276469594612311,1.47528945859934,-0.707012562987729,0.355242551803606,1.55984878741899,-0.399578612449174,-0.479812993616112,0.516352274838619,0.034330458592882,0.589225512111296,1.4269098018209,0.020510249081995,1.65133636674485,-0.961342569180643,0.24636005877088,-0.40753729696982,0.917399011636689,-0.013016021027029,0.1724014772054,1.01154336015453,0.069666272709665,0.15781974077871,-1.10922431803229,-0.302369335098658,0.318170337330597,0.316909559697327,243.66,0
44,-0.899992449383227,0.136254782203579,1.88366470990807,-0.208996095601994,1.05144062021155,1.90524133632435,0.241423250138503,0.647630723466254,-0.053466249615959,-0.504170551077414,1.25459880723608,-0.236629189514631,-2.51758729019083,0.384573507124186,0.343832096830213,-1.37056313688268,0.958567981636055,-1.60724169293268,-0.647256440015303,-0.121725831425047,-0.081500217725561,-0.016925889220272,-0.147706272837016,-1.38462020304382,-0.024352090992012,0.412659496074958,-0.106776267626847,-0.190475773260189,21.55,0
44,-0.7147640190509,0.514968588809346,1.82167562698994,0.616433633112349,0.848775614560403,-0.111938136930971,1.50561708184721,-0.798167297930687,0.244756558759933,0.264554166932915,-1.10811404262763,-0.359860224587481,-0.163471394515264,-0.78399685528552,-0.367152826926958,-0.653118889937787,-0.50429999683849,-0.260560360493109,0.435251051618086,0.107321716256365,-0.220075387734134,-0.017844710159557,-0.431938291624419,-0.130458458758134,0.337158591609192,-0.440041535079763,-0.674526156912284,-0.473217566024028,59.9,0
44,-0.948896382774995,0.248413620091971,2.956914245378,2.81374999056136,0.145538801826429,-0.027352971603845,0.133701634240577,-0.307534956765323,-0.125243760627442,1.03493960020462,-0.532647840011533,-0.189877966199305,0.081222187839593,-0.939053267606033,0.081187230147607,-0.129784753449715,-0.17435346324256,-0.090290993354091,0.222434544172135,-0.056186326304754,-0.083646906544314,0.416090081889729,0.207536734987955,0.716064035097256,-0.602311114532848,-0.064230014363997,-0.315057518447682,-0.272463332248231,0.75,0
44,0.92706024886951,-0.323683971710722,0.387584831023695,0.544473988630298,0.246787394713325,1.65035780450716,-0.427576017481436,0.615370698363494,0.22627827499351,-0.225495240788102,1.94454487261209,1.38515995366242,-0.479261670753128,0.314166275947243,0.214167230654249,-1.33371647303753,1.0028690205298,-2.1193135015833,-1.05304305618293,-0.185390374533289,-0.040513047974585,0.079359401204005,0.096631745687546,-0.992568668943493,0.085095828913679,0.377447205341889,0.036096421311897,-0.005960286078183,45.71,0
46,-1.92321320363186,-0.870482324116727,2.32016962893044,1.98877580146727,0.417090785024797,-0.380013723200936,0.472139269598768,-0.557333241041249,-0.649079050397235,1.41088888300776,-0.517736958000633,-0.985201772757918,-0.400594745446622,-0.830664635864875,0.338009486308628,0.029924175803666,0.37115031113381,-1.05431867206706,1.89036392388461,-0.36922739831731,-0.686487767489979,-0.779267566437133,1.08605501915054,0.518863427142479,-0.363712017511894,3.06557569653728,-0.589022174639728,-0.396109822649589,35,0
46,1.00658858258061,-0.071105357359286,0.347613710129268,1.32968404626518,-0.193239540558001,0.155418220951582,0.008573550045375,0.146537701158532,0.103844303499997,0.0318300248432,1.07098086659495,0.940664826248853,-0.729473777220335,0.380114784646787,-0.729126304640312,-0.493402464675541,0.04355587615302,-0.405289649578765,-0.092584543842081,-0.091366856699256,-0.020238686615217,-0.018880624366437,-0.120966187234267,0.027381788518825,0.59386362410547,-0.334687921975777,0.021368010400406,0.015080401274455,67.97,0
46,-0.378244634508222,0.732925473144789,-0.12015421084374,0.18575507207311,2.59426949152718,3.79718265118537,0.059087961200146,0.976768278020551,-0.412660864918736,0.006753688253666,-0.624666242175613,-0.115851957802005,-0.215037272965066,0.14044940338935,0.160265566475215,-0.601890179366329,-0.144355315240532,0.221557464920078,1.45485216223185,0.315571560739074,-0.107581845449129,-0.157139517354471,-0.194659196235448,1.01389734659882,0.145503366823794,-0.237619522591439,0.411371737390151,0.202788454962588,11.45,0
47,1.19783859904952,0.236827617702066,0.509605001633564,0.657658659875326,-0.365487846531556,-0.745101067219334,0.079497447992953,-0.130535519206068,-0.052263118833405,-0.110057897667251,0.307131474741218,0.670664429232084,0.437973609417859,0.269026235243189,1.12741944172679,-0.196922570885677,0.007703673936035,-1.12264047790795,-0.590917690926777,-0.120981428275126,-0.149875596688501,-0.374210667597001,0.145515985807902,0.414983921314997,0.212156010664903,0.181724249919295,-0.016402134061229,0.015994208988117,3.63,0
48,-0.580628965016257,0.482683933097182,1.33312308028373,-0.253080022676203,-0.028468939823338,-0.519165700319527,0.503249460809705,0.117773482896021,0.117112238017822,-0.420487538793211,0.449718913713424,-0.017864830342927,-1.98382317941023,0.321663489232864,-1.42530187959129,0.125194163398465,-0.404409451618886,0.097776857218671,-0.020531267914041,-0.298750730213523,-0.042142326247771,-0.148707275565971,0.001451164977145,0.302764487325416,-0.680714199200363,-0.015553923980845,-0.006307004342135,0.164222205343532,21.66,0
48,-1.79340624422786,1.85460399082838,0.979513976644481,1.11226152645262,-0.206402962131258,-0.199545668092445,0.6166424042353,0.064180353177571,0.690271532341837,1.55172381714636,-0.16196484167768,0.424213060982246,0.015944401011031,-0.405832818314697,0.271930432913219,-1.42302064864536,0.676324382969801,-0.911048300036704,0.461845498112606,0.667846871696291,-0.180722525691681,0.235138169654476,-0.091441571326093,0.417654473831525,0.122733846237321,-0.232985041190746,0.811879841478301,0.618568311939622,26.72,0
49,1.09860834614642,0.202423563829101,0.525455971945753,1.32343627201394,-0.130486421204476,0.039924307076615,0.028379415902824,0.072841070884714,-0.097869351980686,0.019512995168642,1.47441332090063,1.68967421758435,0.506780523264567,0.125136664522659,-0.89270971177356,-0.621679133317781,0.044340266591357,-0.642093954200622,-0.161986891000608,-0.128040892456864,-0.024971678446211,0.154264260038072,-0.06314674325476,0.253205307138793,0.629405434975953,-0.345344655387218,0.040469337871183,0.010263750026757,13.18,0
49,-0.549626144798035,0.418949153525597,1.72983325235597,0.203065373845713,-0.187012387610491,0.253877551885213,0.500893777771598,0.251255794962937,-0.227984854678695,-0.57616941989126,1.10203189400426,0.823707807488722,-0.569509883571002,0.008710073492636,-1.04141380966471,-0.603403099556728,0.225483728892329,-0.352132599922745,0.194946380855442,0.016970370666264,0.115062465548237,0.418528728119492,-0.065132788245408,0.264980785082018,0.003958220341818,0.395968888989273,0.027182102239278,0.043505755709895,59.99,0
49,0.921543679723553,-0.067083754225756,0.077461027578709,0.953638217022313,0.067412462910823,0.016152464954751,0.32045155695341,0.038534027612516,-0.391512665081147,0.031560245239768,1.39169118010671,1.07936321996869,0.106267711683997,0.665985251334808,0.44225355774887,0.122646354959781,-0.492391586114359,-0.535140313996294,-0.078081834111363,0.120050785637899,-0.333929581340575,-1.29991956674342,0.084310990336017,-0.370397871198817,0.155101565371628,-0.834490365033198,0.000909065197965,0.035546875724878,135.51,0
50,-0.571520749961747,1.07160044939815,1.28011024961142,0.542780003052458,0.574438986516567,-0.259359265830457,1.0611484151742,-0.410971967925814,-0.17913018113825,1.00350065764887,1.06238226849436,0.159422388058099,-0.2898603137468,0.005804746354829,0.46044095320685,-0.22103526461389,-0.775852454545776,0.657023315008206,0.80758291868891,0.354730634765855,0.003558520080445,0.561240486431022,-0.199286719692043,0.001387389382253,-0.179529951929609,-0.374115725753305,0.071641453990295,-0.175510468698003,9.79,0
50,-0.671708547741052,0.59450259438803,0.216415943954576,-0.867310638854276,2.96690830110092,3.63249487373809,0.563295074740477,0.673025596986071,-0.188766143762422,-0.404378291830518,-0.699710626192874,-0.184142608712838,-0.426813033653942,-0.183001108223398,-0.747731683219242,-0.037707578893706,-0.866459638474451,-0.007257320260008,-0.160432044223361,-0.002784334375635,-0.136440966831564,-0.300362025601945,-0.331691623416602,0.996382470868604,0.502469492348796,-0.51804304841771,-0.208275755084745,-0.116048406394516,14.8,0
51,1.25987313565004,0.25423957645842,0.51478862825195,0.620924297433486,-0.475930098771269,-0.992285839202021,0.066416509799661,-0.209275058074655,0.03557156537835,-0.06761582135684,-0.204107263687151,0.402596690697874,0.376647694351449,0.227135013294715,1.02499612132291,0.29953171476471,-0.426046050892739,-0.550315065603572,-0.119898968647883,-0.088970093704665,-0.256530535925767,-0.739211692487821,0.135732380872138,0.38198986620837,0.219301891750154,0.094290692587744,-0.028686667720807,0.019197591087878,1.98,0
52,1.14736892702922,0.059034644553586,0.263632341401774,1.21102345823936,-0.044095578826339,0.30106650133832,-0.132959855687363,0.227885136251461,0.252191237226831,0.083903938117339,0.645046450909254,0.413361748049543,-1.46803602930219,0.502861187887764,-0.626936022547138,-0.369716051829749,-0.031799239570118,-0.215342173803487,0.055019650358303,-0.255923874900886,-0.087813417853677,-0.110756406773342,-0.097770724760023,-0.323374178237458,0.633278881348768,-0.305327819106935,0.027394123735088,-0.000580464688818,6.67,0
52,-3.00523672241459,2.60013820219461,1.48369073726212,-2.41847295513682,0.306326406574465,-0.824574531939418,2.0654256392882,-1.82934658938092,4.00925851665725,6.05152135077273,2.57250018194268,0.066850740013731,-0.353574309497439,-2.83713599830894,0.292226879668893,-0.303773839706442,-1.94230314485255,-0.435449716450276,-0.934016115189154,2.45672404561526,-0.852308858371298,-0.181268483843722,-0.163746504079237,0.515820525800135,0.13631843199517,0.460053967482399,-0.251258637837596,-1.10575115708552,1.46,0
53,-1.19896767411718,-1.47410047094211,1.8403259873066,-4.51582435488105,0.327567428246331,-0.174469282834848,0.959725705478786,-1.0264562279545,1.70043458447966,-0.078941761204496,1.66266714493598,0.485619299748722,-0.93302495795613,-1.11878656487932,0.14125304079379,-2.81188754821512,-0.504745809870121,0.891222663154531,-1.51202243652326,-0.769854286810439,-0.453169416973525,0.334614040441455,-0.364541412466894,-0.310185782073785,-0.30259949355198,-1.24392415371264,-1.12345654520885,-0.73435108581633,89.17,0
54,1.20239832807905,0.321711386607054,0.281210894488001,0.643688582463962,-0.148668596204498,-0.589738666993022,0.048412549566761,-0.093361249577806,-0.042934036363588,-0.343245662317894,0.235106050512859,0.569881915499773,0.676330388590739,-0.351249746003609,1.29513005856263,0.164859782332548,0.246413935319911,-0.804462522225513,-0.561740542791253,-0.070750567063463,-0.251113124454264,-0.680155165043549,0.148162526526488,0.047061500873703,0.157049745885238,0.121934641489905,-0.004607898335311,0.029418109091076,7.53,0
55,-4.57509260816239,-4.42918377474876,3.40258500379828,0.903914679904333,3.00222377368078,-0.491077708080676,-2.70539316304114,0.666451302156469,1.92221617202329,-0.614312027380396,0.384926576987595,1.1944034523469,-1.02071845428099,-1.24682940571382,-2.34867343715332,-0.213437533486602,-0.100221744823898,-0.406073073481075,-1.63757251876291,-0.960962933953718,-0.047365028923152,0.853359934678944,-0.971600429208365,-0.114861639404699,0.408300391838859,-0.304576465887789,0.547784788743973,-0.456296829036198,200.01,0
55,-0.773450000458189,0.85311249436819,0.818253541761677,-0.236070161217933,0.803462538724049,-1.43872833170719,0.799479364773059,-0.007988999629254,-0.761089558526749,-1.04446403350044,1.50413489421274,-0.291634167856543,-1.61543302342075,-0.665286835592656,-0.292983045822984,0.803106054187593,0.462149366883927,0.83464109457954,-0.65179683321786,-0.10085848950269,0.035361549351093,-0.116890316122963,-0.178926346760491,0.400155137444786,-0.026230683906434,0.16515568350303,0.027761800392197,0.132979788496602,0.76,0
56,-0.847998365598453,1.04345933028073,1.26736889218816,1.13552949012637,0.021362102598743,0.336914104132828,0.398479742797849,0.317399165838859,-0.02865794535935,0.534033192472464,0.811280074910828,-0.071002867585718,-1.96905159541282,0.450006443181567,-0.263173073378825,-0.968361412949194,0.459253723662508,0.003771192142638,1.00071625183199,0.128621717056598,-0.024046105745647,0.215006397493466,-0.131981589595316,-0.007415626813254,-0.136578135429545,-0.242960778206656,0.38293084682331,0.276416935663384,20.22,0
56,0.086996190516375,-0.051988742025588,-0.497882441560081,-3.1519078565141,2.5584003623555,2.79667096978255,0.470283270790146,0.265332802943643,0.919513460198576,-0.735585687981152,0.208724948743441,0.017130649246343,-0.110866963820059,-0.042676869507391,1.65414036352275,-0.392648022607194,-0.875960217366143,0.183946189187007,1.25938002787067,0.167231088284993,-0.239425579903453,-0.437342143719405,0.018425768123204,1.01303776342658,-0.258926558625905,-0.293189252573023,-0.394955581242805,-0.435995593150792,10.84,0
59,-0.773292609110981,-4.1460072502577,-0.932037567076045,0.027093683889017,-1.69830732179181,0.460187805225441,0.737344474460422,-0.314215581514513,-0.84267253845447,0.0172757940178,-0.617560331727886,-0.197503535476567,1.59495759349141,-0.259878797128783,1.22102546560587,1.32463951224473,0.120540185550046,-1.24864887121931,-0.005069791085225,2.44278177400485,0.890977779336871,0.026122575012366,-1.1347693370818,-0.654958249952389,0.098386261898987,-0.209149914074031,-0.171709156383653,0.208056641158863,1142.02,0
59,0.921024018835922,-0.16244686110781,-0.094331367386907,0.474083926327042,-0.021485960597267,-0.397506306685279,0.482642978539503,-0.117495974844976,-0.577836031422653,-0.018607137140067,1.83757918303173,1.45067106438787,0.679743972842061,0.593718449923865,0.249734697673045,-0.0843672205235,-0.25970727981991,-0.894995460456715,-0.010373941685466,0.214510447897743,-0.209381106373359,-0.930107296377023,0.028509910793185,0.03268200910991,0.155130495109473,0.133250470013276,-0.073534230816085,0.02234914494461,149.9,0
60,1.06914138489519,0.04378592516723,0.309867290850673,1.31669399295505,-0.462393623949898,-0.857887604269692,0.207903690796087,-0.191269941989371,0.056397898901289,0.041567455076056,-0.507358124813112,-0.108666220084406,-0.473257348257937,0.452045889971559,1.00567481039881,0.185441397662765,-0.43997575238942,0.012539147666556,-0.498587992492488,-0.001998251424376,0.115775449915834,0.164781092368047,-0.177564054530198,0.391890569748269,0.624681738099145,-0.288376427654957,-0.001311833579605,0.035811519293162,89.4,0
60,1.10702937694843,0.216441000371351,0.538378149708233,1.47639799266774,-0.251941920499494,-0.340679706912496,0.154091744631261,-0.086502545633229,0.144420201120718,-0.157374627687008,-0.107560297694088,1.0663256573792,0.620788366839222,-0.070889337668879,-0.203857982828647,-0.853479419330768,0.336478013774869,-1.17953172110404,-0.501729107425755,-0.111852535538935,-0.060037450107649,0.059884122786099,-0.047526366477833,0.443992418636119,0.640295758747984,-0.337657130668521,0.042108483891915,0.024264710006858,26.72,0
62,-1.03510581776689,0.996013127817514,2.19247013559677,-0.170445302779918,-0.302319738525738,-0.142255767700287,0.223431774448596,0.289043410118421,0.094140890615346,-0.157858732844487,-0.386373549409945,-0.628633662180404,-1.02395821122071,0.098433874697631,1.56228876196439,0.168577701728536,-0.148826411284152,-0.285927210472601,-0.483363894151224,0.180287626805096,-0.098000008392506,-0.17024584412346,-0.13722752704315,0.055228278935835,0.079347554206308,0.302032602113411,0.391377349974797,0.196599880665289,5.99,0
64,1.21251089095254,-0.099054295603944,-1.19209409463426,0.286323561509755,2.16051625183209,3.61631350966622,-0.40420689806665,0.842330951647993,0.169360420742526,-0.030522176572124,-0.541957258023106,0.237212014866616,-0.218129648703274,0.197436520971338,-0.147850245921019,-0.09783014172569,-0.51005250120389,-0.070939280642149,0.355170583653159,0.014777439634537,-0.167496336516951,-0.494694569848075,-0.149785450968464,1.01122655467101,0.883547704730387,-0.329433810592075,0.020370145679431,0.017037086350501,34.7,0
64,-0.658304934095684,0.40679056737153,2.03746063876455,-0.291297974417195,0.147909808593845,-0.350857291958021,0.945373213135361,-0.172560016733978,0.025133398484902,-0.778134723733662,-0.196289801937262,0.632955261826373,0.374025171567011,-0.531597207426503,-0.615062565100624,-0.518078459185166,0.003880895319481,-1.2889540744158,-0.797804485217222,0.064132873866119,-0.156095760618683,-0.238804964891445,0.089877177398511,0.421195367129561,-0.352487134227907,0.074782742463444,-0.094192169750786,-0.092493130400881,54.99,0
64,0.95960165851223,0.370711304613933,0.888613370045565,2.34324410302247,0.352490841084755,1.36551460619135,-0.277770730462741,0.516053179747465,-0.700929045055026,0.468216239367258,0.745611509947132,0.373531002993358,-0.223918285866667,0.417438142069896,1.67840014345469,-0.515701600237187,0.662478668271888,-2.5142351135941,-2.5896875748614,-0.298404520795831,-0.155547160729115,-0.403239315684771,0.356504034074842,-0.696881458915448,-0.198717970162506,-0.220267915515142,0.068546196135858,0.020797315416141,7.55,0
67,-0.653444627294995,0.160225076852038,1.59225555524082,1.29683228357565,0.997174923623236,-0.343000302409134,0.469936930779834,-0.132470081994361,-0.197794077439788,-0.105005538081425,-0.543662210926971,0.302233022635964,0.141211078726449,-0.207880443553101,0.024108399879554,-1.20687659191564,0.39483638189259,-0.750955630206426,0.440558481170408,0.225920346918541,0.038362967979037,0.336449012374641,-0.014882832835672,0.102959010243,-0.265322060067868,-0.34863668662622,0.011238449129033,-0.049478339972149,19.85,0
67,-1.49466784074271,0.837241399963629,2.62821061790607,3.14541437889465,-0.609098388854424,0.258495000688512,-0.012188613358781,0.102136035246365,-0.286163596824287,1.19855632464938,-0.550295668711412,-0.106845988520745,0.208014288229433,-0.680510402769635,0.507763583158711,-0.260264022558778,0.246631323902287,0.008855504384242,0.899415801359582,-0.028351935053221,-0.140047358057139,0.355044183811602,0.332719988435228,0.718192517148152,-0.219366046114324,0.118926551385282,-0.317485702168288,-0.340783397650643,28.28,0
68,1.23299646466342,0.189453733510593,0.491040320659271,0.63367266144682,-0.511574423739396,-0.990608798945491,0.066240478446145,-0.196940298822464,0.075920960544169,-0.066059895777673,-0.255743256644626,0.255156784643456,0.105247332677582,0.284676541283834,1.05732211324487,0.315890891000563,-0.411940025745081,-0.51191158053807,-0.120427106464189,-0.077870574336389,-0.251566497035248,-0.770138762362471,0.125997504609162,0.369627369686229,0.205597702423389,0.094061594277986,-0.033137975344003,0.020990394021508,15.99,0
